,Bcl11b_class,Cadps2_class,Calb1_class,Calb2_class,Cck_class,Cdh13_class,Chodl_class,Chrm2_class,Cnr1_class,Col25a1_class,Cort_class,Cox6a2_class,Cplx2_class,Cpne5_class,Crh_class,Crhbp_class,Cryab_class,Cxcl14_class,Enpp2_class,Gabrd_class,Gad1_class,Gda_class,Grin3a_class,Hapln1_class,Htr3a_class,Id2_class,Kcnk2_class,Kctd12_class,Kit_class,Lamp5_class,Lhx6_class,Ndnf_class,Neurod6_class,Nos1_class,Nov_class,Npy2r_class,Nr4a2_class,Nrn1_class,Ntng1_class,Pcp4_class,Pde1a_class,Penk_class,Plcxd2_class,Plp1_class,Pnoc_class,Prkca_class,Pthlh_class,Pvalb_class,Rab3c_class,Rasgrf2_class,Reln_class,Rgs10_class,Rgs12_class,Rgs4_class,Satb1_class,Sema3c_class,Serpini1_class,Slc17a8_class,Snca_class,Sncg_class,Sst_class,Synpr_class,Tac1_class,Tac2_class,Th_class,Thsd7a_class,Trp53i11_class,Vip_class,Wfs1_class,Yjefn3_class,Zero
Bcl11b,15.0,0.19582862270897747,0.0,0.2687341477761692,0.0,0.23064266124042773,0.0,0.0,1.5827523417090759,0.0,0.0,0.0,1.5120033612080706,0.0,0.0,0.0,0.6541345956271144,0.17982405911629776,0.0,0.0,0.28614472084707415,0.0,0.0,0.0,0.0,0.08428003712957194,0.0,0.0,0.0,0.0,1.186865077445246,0.0,0.0,0.0,0.0,0.0,0.0,0.0,0.0,0.8889907169532087,0.4163036569513049,2.12079212286684,0.0,0.1870120470164925,1.538268967669222,0.0,0.0,1.5681930874069265,0.0,0.0,1.4940096034946428,0.0,0.0,0.08080807902412177,1.6206542008778426,0.0,0.0,0.0,4.302698464306048,0.27007175680916734,1.9592720316096055,0.0,0.0,0.0,0.0,0.0,0.0,0.0,0.0,0.0,0.0
Cadps2,0.0,1.4674559313712041,0.0,0.9138565481834168,0.0,1.861916244455257,0.0,0.0,2.3711141967470097,0.0,0.0,0.0,6.611032756768759,0.0,0.0,0.0,1.5140537713285551,6.2605545267231415,0.0,0.0,2.382153696253772,0.0,0.0,0.0,0.0,0.3826983156681573,0.0,0.0,0.0,0.0,6.929126349487408,0.0,0.0,0.0,0.0,0.0,0.0,0.0,0.0,23.877771252480215,0.21833892009988307,1.8131881006250046,0.0,0.568689903989918,1.427282130595755,0.0,0.0,6.43048292285513,0.0,0.0,0.9475353614901998,0.0,0.0,2.0040166776915367,1.3675431889920935,0.0,0.0,0.0,8.151809984161746,0.43800322120853447,0.18349336784901935,0.0,0.0,0.0,0.0,0.0,0.0,0.0,0.0,0.0,0.0
Calb1,0.0,0.15349321637235788,15.0,8.681035810258033,0.0,4.504237882615651e-05,0.0,0.0,0.003013483323427237,0.0,0.0,0.0,0.11435197511413737,0.0,0.0,0.0,0.09903191750556062,0.3453763270360343,0.0,0.0,0.14271644363660727,0.0,0.0,0.0,0.0,0.04655627373395507,0.0,0.0,0.0,0.0,0.13302738628679067,0.0,0.0,0.0,0.0,0.0,0.0,0.0,0.0,0.28259919525107585,1.0242448172832712,0.1148489169436323,0.0,0.049827239169646244,0.0020707903321017544,0.0,0.0,0.000565521161995011,0.0,0.0,0.12453309346002127,0.0,0.0,1.17597622414605,0.0015955308937905532,0.0,0.0,0.0,0.4382172451067762,0.8643148118014122,0.3742576234717357,0.0,0.0,0.0,0.0,0.0,0.0,0.0,0.0,0.0,0.0
Calb2,0.0,0.17458761549829943,0.0,47.92953467853266,0.0,0.04997506449134081,0.0,0.0,1.0536655049393646,0.0,0.0,0.0,0.08322676763470717,0.0,0.0,0.0,0.005532255378382339,5.774015068677207,0.0,0.0,0.02600782660642342,0.0,0.0,0.0,0.0,0.0456392232130387,0.0,0.0,0.0,0.0,0.11574011605322353,0.0,0.0,0.0,0.0,0.0,0.0,0.0,0.0,0.09328433287742716,0.318278471314878,4.449714036358302,0.0,0.21661435211382601,0.07534963443039963,0.0,0.0,0.0007520363124152136,0.0,0.0,0.7477646881017784,0.0,0.0,20.7370506480426,0.18454297456608354,0.0,0.0,0.0,1.0685330566096138,0.9301540727941113,3.057148376664391,0.0,0.0,0.0,0.0,0.0,0.0,0.0,0.0,0.0,0.0
Cck,0.0,0.10284968668838514,0.0,0.3914358267217968,15.0,5.6159612781849184e-05,0.0,0.0,0.30721184810159774,0.0,0.0,0.0,0.03186842141039851,0.0,0.0,0.0,0.006296750638067478,0.35065423234819004,0.0,0.0,0.26358054233796335,0.0,0.0,0.0,0.0,0.010108051139655566,0.0,0.0,0.0,0.0,0.002114007360417714,0.0,0.0,0.0,0.0,0.0,0.0,0.0,0.0,0.2933457226520748,6.566025111903608e-05,0.7824919780096384,0.0,0.06072378236262737,0.15485478026192864,0.0,0.0,1.4207434266404204,0.0,0.0,2.151581787937019e-05,0.0,0.0,1.0754040150413597,0.6611241982928127,0.0,0.0,0.0,0.21225159645561686,0.4400293225903689,0.5522563288864082,0.0,0.0,0.0,0.0,0.0,0.0,0.0,0.0,0.0,0.0
Cdh13,0.0,10.968769992537485,0.0,0.010915468215550658,0.0,20.94191949194114,0.0,0.0,2.0947703771666784,0.0,0.0,0.0,5.643595703087754,0.0,0.0,0.0,1.867669674551868,3.168343460745989,0.0,0.0,7.926410990371856,0.0,0.0,0.0,0.0,0.20883623424704342,0.0,0.0,0.0,0.0,3.3639196708700316,0.0,0.0,0.0,0.0,0.0,0.0,0.0,0.0,0.13356549784430485,6.9224383778627825,2.181527886130046,0.0,0.5243637220562287,2.0334900824652045,0.0,0.0,4.059184967683243,0.0,0.0,1.0019709753506674,0.0,0.0,0.8184287511803205,1.897055453846299,0.0,0.0,0.0,1.72293398147873,18.169565079257897,2.2319943542779916,0.0,0.0,0.0,0.0,0.0,0.0,0.0,0.0,0.0,0.0
Chodl,0.0,0.03104630352305723,0.0,0.0007915085251396888,0.0,8.508715240137793e-05,15.0,0.0,0.0005184712010282228,0.0,0.0,0.0,0.23340562909095794,0.0,0.0,0.0,1.4563047212865854,0.00017502584672681286,0.0,0.0,0.35994818495125586,0.0,0.0,0.0,0.0,0.13698270221388456,0.0,0.0,0.0,0.0,0.718059330853336,0.0,0.0,0.0,0.0,0.0,0.0,0.0,0.0,0.11001975102009506,0.27057265203834296,0.0011200853684123228,0.0,0.06431910141861745,0.9031067611422244,0.0,0.0,0.32301063989481144,0.0,0.0,1.320741843601617,0.0,0.0,0.12071319384347647,0.004817265501031443,0.0,0.0,0.0,0.08495029122396468,1.395374811236722,4.693363932612421,0.0,0.0,0.0,0.0,0.0,0.0,0.0,0.0,0.0,0.0
Chrm2,0.0,0.8369697713138539,0.0,1.3569111223050172,0.0,2.6545812333735976,0.0,15.0,1.225759765366964,0.0,0.0,0.0,2.364035170464002,0.0,0.0,0.0,1.897365041550825,0.12691712299466207,0.0,0.0,5.115164466633591,0.0,0.0,0.0,0.0,0.23617622303964847,0.0,0.0,0.0,0.0,1.561296551009763,0.0,0.0,0.0,0.0,0.0,0.0,0.0,0.0,0.7829805832582377,0.7132049353305173,2.591590168116577,0.0,0.25696245432834247,2.0095605827685405,0.0,0.0,5.768935395377991,0.0,0.0,0.46038977790389474,0.0,0.0,1.0343623332885006,2.581124112047363,0.0,0.0,0.0,0.9776766493187493,5.208736483806598,0.3715489324821463,0.0,0.0,0.0,0.0,0.0,0.0,0.0,0.0,0.0,0.0
Cnr1,0.0,3.228592361007255,0.0,3.0755060596372683,0.0,7.499560014577371,0.0,0.0,23.870475538060344,0.0,0.0,0.0,4.692395391641493,0.0,0.0,0.0,2.581265025126787,2.1889581767722857,0.0,0.0,4.170690495415111,0.0,0.0,0.0,0.0,0.43560503057478567,0.0,0.0,0.0,0.0,3.2797567548687265,0.0,0.0,0.0,0.0,0.0,0.0,0.0,0.0,5.127150076822745,5.154512683580943,3.5880768010484596,0.0,0.6840198515448419,2.4526357751005117,0.0,0.0,3.6573930805274415,0.0,0.0,5.266990688818914,0.0,0.0,1.3478667591223708,6.651984084595338,0.0,0.0,0.0,6.1518549955108615,6.059954812474234,5.28612547579108,0.0,0.0,0.0,0.0,0.0,0.0,0.0,0.0,0.0,0.0
Col25a1,0.0,0.19036442264379155,0.0,0.18140829459378438,0.0,0.12707018156588815,0.0,0.0,0.9790299439285418,15.0,0.0,0.0,0.82593183764037,0.0,0.0,0.0,0.31432320534203145,8.057826765727855,0.0,0.0,0.27411482497405293,0.0,0.0,0.0,0.0,0.01269709239996655,0.0,0.0,0.0,0.0,7.0682185245349585,0.0,0.0,0.0,0.0,0.0,0.0,0.0,0.0,10.959000168189089,0.3004553943033443,0.24781668679051866,0.0,0.29369755323822605,0.5198317609378802,0.0,0.0,0.000234127366576877,0.0,0.0,1.542332482646753,0.0,0.0,1.2631651039712661,0.20411438824826417,0.0,0.0,0.0,11.527638264794613,0.00024299386811736618,0.995128689619369,0.0,0.0,0.0,0.0,0.0,0.0,0.0,0.0,0.0,0.0
Cort,0.0,5.432551367945281e-08,0.0,1.1901885880824492e-12,0.0,1.4881177873641066e-09,0.0,0.0,3.464213025678888e-08,0.0,15.0,0.0,0.0001967247869409488,0.0,0.0,0.0,0.0006749493543824422,1.4776472852689155e-08,0.0,0.0,0.312535478763961,0.0,0.0,0.0,0.0,0.02118440041909251,0.0,0.0,0.0,0.0,5.558267924900846e-06,0.0,0.0,0.0,0.0,0.0,0.0,0.0,0.0,0.00020004423690447222,3.520815115488367e-12,9.749457381421713e-05,0.0,0.013200764388478711,7.297779689443485e-07,0.0,0.0,1.9704604079153523e-05,0.0,0.0,3.0669151217941492e-06,0.0,0.0,2.1666093208862625e-10,0.007441891576188347,0.0,0.0,0.0,1.981046264415219e-06,0.5106642439699761,1.995023059537237e-06,0.0,0.0,0.0,0.0,0.0,0.0,0.0,0.0,0.0,0.0
Cox6a2,0.0,1.9203613221922067,0.0,0.41078471831914654,0.0,18.11075002390992,0.0,0.0,1.5652622956633249,0.0,0.0,15.0,0.15746516407548838,0.0,0.0,0.0,0.13038940041928163,0.3075599458133333,0.0,0.0,0.48338506983210255,0.0,0.0,0.0,0.0,0.029719668059429633,0.0,0.0,0.0,0.0,0.15355952734321293,0.0,0.0,0.0,0.0,0.0,0.0,0.0,0.0,0.06621895935882632,2.007149749315743,0.7859672998899206,0.0,0.10350618703589362,0.3688221802968346,0.0,0.0,2.170078850024558,0.0,0.0,0.16301129547433624,0.0,0.0,0.13408409075242977,0.00560171644188778,0.0,0.0,0.0,0.27568919201622394,5.9936963979685265,0.40912448482735964,0.0,0.0,0.0,0.0,0.0,0.0,0.0,0.0,0.0,0.0
Cplx2,0.0,4.536639667870382,0.0,1.7719287230396377,0.0,9.462850449405522,0.0,0.0,8.117056586305095,0.0,0.0,0.0,15.98451898694841,0.0,0.0,0.0,5.43916186497364,3.278798985797609,0.0,0.0,2.3726032036136777,0.0,0.0,0.0,0.0,1.278238383130493,0.0,0.0,0.0,0.0,4.839017136404367,0.0,0.0,0.0,0.0,0.0,0.0,0.0,0.0,0.8362024318231052,8.196662473229532,3.562557454420732,0.0,1.088959609663791,2.5167744463647392,0.0,0.0,1.0608038324365234,0.0,0.0,2.6192834212156026,0.0,0.0,1.1166534288995784,4.403679163717841,0.0,0.0,0.0,4.073754037350685,9.294703590085236,2.4320602868106915,0.0,0.0,0.0,0.0,0.0,0.0,0.0,0.0,0.0,0.0
Cpne5,0.0,6.623770226663128,0.0,0.9782658027625184,0.0,6.2232702304271434,0.0,0.0,5.421372343347855,0.0,0.0,0.0,0.17204027099994448,15.0,0.0,0.0,0.147887954548686,1.2964883202346598,0.0,0.0,0.1658520217926261,0.0,0.0,0.0,0.0,0.16986470159078426,0.0,0.0,0.0,0.0,1.3292421573104025,0.0,0.0,0.0,0.0,0.0,0.0,0.0,0.0,0.057275102743634274,0.6065583890540422,0.27139012996925,0.0,0.15333876082712677,0.35483565892492924,0.0,0.0,0.005506612463183422,0.0,0.0,3.489115984658651,0.0,0.0,2.5451890901182135,0.21794823966959423,0.0,0.0,0.0,0.45892003158694145,6.096944557242056,0.8123878489171417,0.0,0.0,0.0,0.0,0.0,0.0,0.0,0.0,0.0,0.0
Crh,0.0,4.083190137664451e-06,0.0,1.232124744917907,0.0,0.3861660871585721,0.0,0.0,0.3725128873816961,0.0,0.0,0.0,0.29402237215149024,0.0,15.0,0.0,0.5365429996555997,0.28788621487895233,0.0,0.0,0.016197459822593047,0.0,0.0,0.0,0.0,0.05841026197692442,0.0,0.0,0.0,0.0,0.2948722682469009,0.0,0.0,0.0,0.0,0.0,0.0,0.0,0.0,0.0010924565319286948,0.3443268594592018,0.09410616394025278,0.0,0.030611079990828287,0.16865766490603043,0.0,0.0,0.43043368587615505,0.0,0.0,0.00022666241663089095,0.0,0.0,7.996603246294312e-06,0.7925423502350305,0.0,0.0,0.0,0.0003694846012881073,0.47962838581819645,0.0002570074629281296,0.0,0.0,0.0,0.0,0.0,0.0,0.0,0.0,0.0,0.0
Crhbp,0.0,0.0019425972418190749,0.0,8.875145382436393e-06,0.0,0.012773764479607715,0.0,0.0,0.012763067925752406,0.0,0.0,0.0,0.16504245278924187,0.0,0.0,15.0,0.24100913842170474,0.0004890481061186379,0.0,0.0,0.25159924644621895,0.0,0.0,0.0,0.0,0.07771981195782379,0.0,0.0,0.0,0.0,0.3422540802909145,0.0,0.0,0.0,0.0,0.0,0.0,0.0,0.0,0.3483820266413878,2.6890691056421864e-06,2.2253232180779277,0.0,0.0652250215022748,0.00037078816740989583,0.0,0.0,0.00029456718356285174,0.0,0.0,1.4756127629468003,0.0,0.0,6.518803093501754e-05,0.4076044173320878,0.0,0.0,0.0,0.16873660279894018,0.4193470818137135,0.34522881682822865,0.0,0.0,0.0,0.0,0.0,0.0,0.0,0.0,0.0,0.0
Cryab,0.0,1.6734383123995302,0.0,0.8890858064343311,0.0,0.895248484995767,0.0,0.0,1.8580589193394894,0.0,0.0,0.0,1.5037182359743684,0.0,0.0,0.0,7.844089078726277,7.711213761800899,0.0,0.0,1.5863297042911868,0.0,0.0,0.0,0.0,2.672382722040433,0.0,0.0,0.0,0.0,3.455248974229341,0.0,0.0,0.0,0.0,0.0,0.0,0.0,0.0,1.9040902973734029,16.10079749643578,0.869524874301435,0.0,11.397830888794719,0.7651272094065653,0.0,0.0,1.190427058241263,0.0,0.0,0.574582739006181,0.0,0.0,1.2315958851175044,1.4582397278240908,0.0,0.0,0.0,1.1653933478561964,0.6223737020009434,8.155434368486732,0.0,0.0,0.0,0.0,0.0,0.0,0.0,0.0,0.0,0.0
Cxcl14,0.0,1.4371660336384042,0.0,1.8692881987088428,0.0,0.6092483804684387,0.0,0.0,1.603880747949499,0.0,0.0,0.0,1.2737322463048146,0.0,0.0,0.0,0.5028611897268531,25.856534658690443,0.0,0.0,0.7944540792421385,0.0,0.0,0.0,0.0,17.842527409215297,0.0,0.0,0.0,0.0,7.413829352204961,0.0,0.0,0.0,0.0,0.0,0.0,0.0,0.0,1.1705524486051737,0.6180498974890901,1.7046558590464203,0.0,2.6818113071509724,4.506295205771288,0.0,0.0,1.7511881190014507,0.0,0.0,1.47557224380539,0.0,0.0,1.444058504064936,2.645020722547626,0.0,0.0,0.0,2.2490027825265613,1.1947281561512209,3.7223803545411687,0.0,0.0,0.0,0.0,0.0,0.0,0.0,0.0,0.0,0.0
Enpp2,0.0,0.2763200036717268,0.0,1.0134616638807474,0.0,0.12606921903070217,0.0,0.0,0.7591812833605615,0.0,0.0,0.0,0.812455367554884,0.0,0.0,0.0,0.26175062721661985,2.692328868683695,15.0,0.0,0.41505023164569443,0.0,0.0,0.0,0.0,0.2706306932356875,0.0,0.0,0.0,0.0,2.1862613643842703,0.0,0.0,0.0,0.0,0.0,0.0,0.0,0.0,0.4050793891403446,16.926784187970384,0.26143862035524973,0.0,4.341716582503403,0.5574248520357632,0.0,0.0,4.6000142049099315,0.0,0.0,0.2895344294505418,0.0,0.0,1.0858671970662312,0.492491169149083,0.0,0.0,0.0,0.5231252402066204,0.8613474073677537,2.90503310809314,0.0,0.0,0.0,0.0,0.0,0.0,0.0,0.0,0.0,0.0
Gabrd,0.0,0.0018844763675093575,0.0,4.947457196148169e-07,0.0,2.5775262323150935e-06,0.0,0.0,0.38800870807466076,0.0,0.0,0.0,0.00030186606507710156,0.0,0.0,0.0,0.014162716542822378,0.3000251084932826,0.0,15.0,0.22170548494651734,0.0,0.0,0.0,0.0,0.0516820200020348,0.0,0.0,0.0,0.0,3.668826377278245e-05,0.0,0.0,0.0,0.0,0.0,0.0,0.0,0.0,0.007530547659694338,0.3174052122025652,0.25650404015735917,0.0,0.06635193725876777,0.008138580448501864,0.0,0.0,0.9648155617835176,0.0,0.0,0.0005852449219194397,0.0,0.0,0.031242988758414917,0.014580956645905412,0.0,0.0,0.0,0.11578230958401291,1.620342581521647,1.3631454218329124,0.0,0.0,0.0,0.0,0.0,0.0,0.0,0.0,0.0,0.0
Gad1,0.0,0.628000517689203,0.0,0.08361974355344737,0.0,0.3322240183911925,0.0,0.0,5.679827181947692,0.0,0.0,0.0,15.608949382799928,0.0,0.0,0.0,4.906022407061533,2.5629195540773337,0.0,0.0,18.384947722818207,0.0,0.0,0.0,0.0,0.6949923854696052,0.0,0.0,0.0,0.0,7.168776054668371,0.0,0.0,0.0,0.0,0.0,0.0,0.0,0.0,8.83350642678399,0.4205420222168676,4.720025860894019,0.0,1.223687834466278,3.6540961098832128,0.0,0.0,11.055040200345127,0.0,0.0,2.8402279368771537,0.0,0.0,0.3340195666271867,9.39303203021318,0.0,0.0,0.0,6.903916270596256,0.4799507520869253,4.178306270675923,0.0,0.0,0.0,0.0,0.0,0.0,0.0,0.0,0.0,0.0
Gda,0.0,9.935720387039082e-07,0.0,1.0122091735222195e-13,0.0,0.0012859700744724722,0.0,0.0,6.872284006945109e-07,0.0,0.0,0.0,5.307504530623419e-06,0.0,0.0,0.0,0.0010655467844179671,1.2519937080702373e-08,0.0,0.0,0.08834514125533173,15.0,0.0,0.0,0.0,6.085674958022042e-08,0.0,0.0,0.0,0.0,1.679509028448719e-07,0.0,0.0,0.0,0.0,0.0,0.0,0.0,0.0,0.19348400688051576,0.3958295410595366,7.810682669152811e-05,0.0,0.0063478895274276794,5.462071750717318e-05,0.0,0.0,1.1626849022357134e-05,0.0,0.0,0.0001064329567068405,0.0,0.0,2.3102112319189576e-09,0.00035798468633505866,0.0,0.0,0.0,9.149046756381214e-05,9.297550073771817e-09,6.156999145053157e-07,0.0,0.0,0.0,0.0,0.0,0.0,0.0,0.0,0.0,0.0
Grin3a,0.0,0.8473023293291908,0.0,0.000443819559533084,0.0,0.43560896376728625,0.0,0.0,0.82407149231912,0.0,0.0,0.0,0.9328949512857798,0.0,0.0,0.0,2.3332742529785526,1.481156887911092,0.0,0.0,0.10820790443983987,0.0,15.0,0.0,0.0,0.3332485065619289,0.0,0.0,0.0,0.0,1.94415636376518,0.0,0.0,0.0,0.0,0.0,0.0,0.0,0.0,0.4805170814053057,0.32005545462134105,0.3658367976680083,0.0,0.16964709249478327,0.8426413917176024,0.0,0.0,4.5121402911673805,0.0,0.0,0.7687972425716851,0.0,0.0,0.8994091887196501,1.2449331649402111,0.0,0.0,0.0,1.678698271736856,2.004546068809246,0.2243858979257318,0.0,0.0,0.0,0.0,0.0,0.0,0.0,0.0,0.0,0.0
Hapln1,0.0,0.002906134903600637,0.0,3.9326248865999744,0.0,1.5661771944449542e-09,0.0,0.0,1.1677388862703819e-05,0.0,0.0,0.0,0.00012144616507465498,0.0,0.0,0.0,0.21619581792243617,0.2576355917310578,0.0,0.0,0.4223258581473031,0.0,0.0,15.0,0.0,0.2973898003574789,0.0,0.0,0.0,0.0,0.0015341739532730091,0.0,0.0,0.0,0.0,0.0,0.0,0.0,0.0,0.37268287410646833,4.89222596466259e-06,0.5148457883737857,0.0,0.09328755306568895,0.28368212161427486,0.0,0.0,0.0009979101589686434,0.0,0.0,0.12211263555216223,0.0,0.0,0.3302988343776135,0.17512771607481517,0.0,0.0,0.0,0.09765498587272373,0.00020799081048732387,8.886984055656088e-05,0.0,0.0,0.0,0.0,0.0,0.0,0.0,0.0,0.0,0.0
Htr3a,0.0,0.2289254946683156,0.0,4.632223427566617,0.0,0.9451900590389595,0.0,0.0,0.00019500296156858173,0.0,0.0,0.0,0.2427457002136783,0.0,0.0,0.0,0.7305686396990042,0.00014499891323119647,0.0,0.0,0.45654151397164777,0.0,0.0,0.0,15.0,0.1151546092000256,0.0,0.0,0.0,0.0,0.6328068791009673,0.0,0.0,0.0,0.0,0.0,0.0,0.0,0.0,1.1064040565859456,0.8118973860904038,0.20820906957559357,0.0,0.0392208348652908,0.00041635892965241183,0.0,0.0,0.7523580877796375,0.0,0.0,0.001980056458067979,0.0,0.0,0.0025076759705129916,0.12332535377339748,0.0,0.0,0.0,0.06591273234602738,1.655345312535173,1.6089627314635897,0.0,0.0,0.0,0.0,0.0,0.0,0.0,0.0,0.0,0.0
Id2,0.0,0.5000322910792826,0.0,0.2657473678704444,0.0,0.11255788272528867,0.0,0.0,0.54505547347944,0.0,0.0,0.0,0.47324828963761684,0.0,0.0,0.0,0.2269081213490195,2.335985406507309,0.0,0.0,0.5367138726170497,0.0,0.0,0.0,0.0,47.509296677888344,0.0,0.0,0.0,0.0,0.48714309988474924,0.0,0.0,0.0,0.0,0.0,0.0,0.0,0.0,0.6835603858606402,0.725389105748544,0.08926264973298349,0.0,1.3933007514555762,0.13721571221905715,0.0,0.0,0.5232777659440602,0.0,0.0,0.7179596041866463,0.0,0.0,0.7753019329991481,0.8153308039061238,0.0,0.0,0.0,0.8934556629665237,0.635276960881689,0.8631605850939209,0.0,0.0,0.0,0.0,0.0,0.0,0.0,0.0,0.0,0.0
Kcnk2,0.0,0.4000390791883484,0.0,0.3382780180661686,0.0,0.06176033490076163,0.0,0.0,0.8553259794508129,0.0,0.0,0.0,1.0238795027382803,0.0,0.0,0.0,0.20913868963597754,1.929217655613275e-05,0.0,0.0,0.03015869203881847,0.0,0.0,0.0,0.0,0.0014539395081348526,15.0,0.0,0.0,0.0,1.4936041506944824,0.0,0.0,0.0,0.0,0.0,0.0,0.0,0.0,0.4747094729100203,2.411722226773127,0.11402695535771991,0.0,0.3031125012546431,0.6806437384926951,0.0,0.0,0.8377527432912697,0.0,0.0,0.569260426303272,0.0,0.0,9.728631236693503e-05,0.0412569755038016,0.0,0.0,0.0,0.16980237499977513,0.8613499936710872,0.00022253392602977523,0.0,0.0,0.0,0.0,0.0,0.0,0.0,0.0,0.0,0.0
Kctd12,0.0,0.0782478728186694,0.0,0.003493045449928846,0.0,0.04341121248581192,0.0,0.0,2.250835893194258,0.0,0.0,0.0,3.1399275334606944,0.0,0.0,0.0,1.0121300083205322,1.5434691326960317,0.0,0.0,0.8808955250050678,0.0,0.0,0.0,0.0,0.3957520660519575,0.0,15.0,0.0,0.0,2.5513985307856677,0.0,0.0,0.0,0.0,0.0,0.0,0.0,0.0,3.9185562629587825,0.8455104566115694,1.4241344948643768,0.0,0.36119963771445956,0.7074686510803202,0.0,0.0,2.3735383870725797,0.0,0.0,0.19447120524891928,0.0,0.0,0.0030871187629528166,0.6566575417495792,0.0,0.0,0.0,1.594458878472506,1.3714952830759686,2.1800663040700288,0.0,0.0,0.0,0.0,0.0,0.0,0.0,0.0,0.0,0.0
Kit,0.0,0.2840226845150376,0.0,0.8452760628107572,0.0,0.008038751701310548,0.0,0.0,3.0342231055185485,0.0,0.0,0.0,2.2549765874646313,0.0,0.0,0.0,0.8483773855392296,0.44346963943498197,0.0,0.0,0.7348487579465208,0.0,0.0,0.0,0.0,0.293886264160908,0.0,0.0,15.0,0.0,2.69641330413099,0.0,0.0,0.0,0.0,0.0,0.0,0.0,0.0,0.6885432584530818,2.398897448904361,0.24013080856365768,0.0,0.31758755992710047,1.2613643793167626,0.0,0.0,1.0107385940920575,0.0,0.0,2.5137116993302016,0.0,0.0,0.2099446705600455,3.3671241361246715,0.0,0.0,0.0,11.58385058131795,0.0015397140180975393,1.7476402768874135,0.0,0.0,0.0,0.0,0.0,0.0,0.0,0.0,0.0,0.0
Lamp5,0.0,0.000976844724910945,0.0,4.972985058200414,0.0,7.285675009375345e-05,0.0,0.0,0.7757094629005988,0.0,0.0,0.0,0.1243657608428215,0.0,0.0,0.0,0.010045318764995906,0.5239025375274313,0.0,0.0,0.07813191303481701,0.0,0.0,0.0,0.0,0.06609114837507497,0.0,0.0,0.0,15.0,0.7191556300179357,0.0,0.0,0.0,0.0,0.0,0.0,0.0,0.0,0.48728545258030315,0.016995763183009494,0.08537711181423271,0.0,0.10382985474475061,0.49731952237432825,0.0,0.0,0.8569252094380304,0.0,0.0,0.00011853097175605825,0.0,0.0,0.0008998767068299996,0.17354397911100466,0.0,0.0,0.0,0.23477760477302573,0.4274097877093478,3.3320006406855387e-06,0.0,0.0,0.0,0.0,0.0,0.0,0.0,0.0,0.0,0.0
Lhx6,0.0,1.7051255460868586,0.0,0.031987191901728176,0.0,1.626701645612941,0.0,0.0,13.127349334378257,0.0,0.0,0.0,7.5360288431929545,0.0,0.0,0.0,6.956091335324586,3.7722298885141643,0.0,0.0,5.358939346919844,0.0,0.0,0.0,0.0,0.43565035671227603,0.0,0.0,0.0,0.0,19.816750002239292,0.0,0.0,0.0,0.0,0.0,0.0,0.0,0.0,2.2604874312692433,1.4103832335334883,5.600057747227867,0.0,1.4085287573584626,4.470309817544566,0.0,0.0,6.851737108305015,0.0,0.0,7.128550714201757,0.0,0.0,0.48197849969025014,7.8213835918769306,0.0,0.0,0.0,8.34672869082034,1.3671443159852645,6.884378375867993,0.0,0.0,0.0,0.0,0.0,0.0,0.0,0.0,0.0,0.0
Ndnf,0.0,0.005277544674212047,0.0,4.475483695283251e-05,0.0,1.0883286597210794e-08,0.0,0.0,9.298908938790763e-06,0.0,0.0,0.0,0.3364521305733483,0.0,0.0,0.0,0.041461472562389946,0.028186578640116283,0.0,0.0,0.000613620823865005,0.0,0.0,0.0,0.0,0.15724374402239025,0.0,0.0,0.0,0.0,1.3810709681135735,15.0,0.0,0.0,0.0,0.0,0.0,0.0,0.0,0.18283379604563976,0.01971857831483031,0.016488685936459236,0.0,0.11348017988879272,0.002194146543417123,0.0,0.0,8.103011725321897e-06,0.0,0.0,0.3898709358361321,0.0,0.0,0.5786466263765527,0.3615236876636685,0.0,0.0,0.0,0.38015203819768745,4.924763430494558e-10,0.3881593606952398,0.0,0.0,0.0,0.0,0.0,0.0,0.0,0.0,0.0,0.0
Neurod6,0.0,0.20176188092937108,0.0,1.4928711559357374e-07,0.0,0.40654278921406944,0.0,0.0,0.3954113940554402,0.0,0.0,0.0,0.003704876096880242,0.0,0.0,0.0,0.01593235288332179,0.31379339246234567,0.0,0.0,0.2890315194787141,0.0,0.0,0.0,0.0,0.056716793937392054,0.0,0.0,0.0,0.0,0.4121071452542255,0.0,15.0,0.0,0.0,0.0,0.0,0.0,0.0,0.003880043000842333,0.8186418816765691,0.16599915888707198,0.0,0.035954635044970915,0.0018416866186646273,0.0,0.0,3.849289091640256e-05,0.0,0.0,0.0014236925332427697,0.0,0.0,0.08077613185300814,0.01937468715306622,0.0,0.0,0.0,0.20295094968546398,8.25657793759724e-06,7.75871660769363e-06,0.0,0.0,0.0,0.0,0.0,0.0,0.0,0.0,0.0,0.0
Nos1,0.0,2.257749192114452,0.0,0.7867689421200268,0.0,0.25399581484178285,0.0,0.0,8.310180063501996e-06,0.0,0.0,0.0,5.994438340393484e-05,0.0,0.0,0.0,0.0004608039525742718,0.5495170944831418,0.0,0.0,0.047042671179931966,0.0,0.0,0.0,0.0,0.06726659524636408,0.0,0.0,0.0,0.0,0.009240223097276883,0.0,0.0,15.0,0.0,0.0,0.0,0.0,0.0,0.09346419782663529,0.19192539123617913,0.02333250421249817,0.0,0.0656204843769478,0.0018020433225469402,0.0,0.0,2.927377539733872e-06,0.0,0.0,0.001508661329028412,0.0,0.0,0.14829518961960741,0.14537158139259634,0.0,0.0,0.0,0.0036435657250575367,5.374395038930505,0.015790543685443716,0.0,0.0,0.0,0.0,0.0,0.0,0.0,0.0,0.0,0.0
Nov,0.0,0.10286180148087612,0.0,0.00013451844018663755,0.0,0.0003276650870140723,0.0,0.0,4.134287211117958e-06,0.0,0.0,0.0,0.0010821984905226584,0.0,0.0,0.0,0.2981409494055616,2.849602303705262e-06,0.0,0.0,0.5257526828523943,0.0,0.0,0.0,0.0,0.001237864817867504,0.0,0.0,0.0,0.0,3.184095840841686e-07,0.0,0.0,0.0,15.0,0.0,0.0,0.0,0.0,0.17977323042174026,2.2776975316251832e-07,0.0005141811137634679,0.0,0.02094672988120571,0.008381049663741069,0.0,0.0,8.9077336259313e-06,0.0,0.0,0.3806484829102957,0.0,0.0,0.32669442188288794,0.22128150833730748,0.0,0.0,0.0,0.09782064406274772,0.02087285901316895,0.8507043902260119,0.0,0.0,0.0,0.0,0.0,0.0,0.0,0.0,0.0,0.0
Npy2r,0.0,0.23318264970170385,0.0,4.1615758565397504e-07,0.0,4.6098094451113094e-07,0.0,0.0,1.1368625302246225,0.0,0.0,0.0,0.8977518220193382,0.0,0.0,0.0,0.493254334413065,0.048985794913151776,0.0,0.0,0.023292760387897817,0.0,0.0,0.0,0.0,0.008960085332567336,0.0,0.0,0.0,0.0,1.7166765163338684,0.0,0.0,0.0,0.0,15.0,0.0,0.0,0.0,0.14917499605838028,2.279499752948246e-06,0.41718990667673417,0.0,0.13254368213839782,0.3105795539646677,0.0,0.0,0.8572288531773294,0.0,0.0,2.319703671525514,0.0,0.0,0.31543978402247863,0.4401257186157726,0.0,0.0,0.0,0.002945106844056292,4.0079290570176836e-06,0.30544690284303133,0.0,0.0,0.0,0.0,0.0,0.0,0.0,0.0,0.0,0.0
Nr4a2,0.0,0.091569371982367,0.0,0.41200391882195386,0.0,2.727385958695133e-08,0.0,0.0,0.37245340287004985,0.0,0.0,0.0,0.16576523117395048,0.0,0.0,0.0,6.55322796160865e-05,2.848846735482926e-05,0.0,0.0,5.497938746509533e-05,0.0,0.0,0.0,0.0,1.5539664331438814e-06,0.0,0.0,0.0,0.0,0.000811965779810313,0.0,0.0,0.0,0.0,0.0,15.0,0.0,0.0,0.00015983755316414182,0.35909662864196357,0.0004495899677043306,0.0,0.02369933723727597,0.22709171288060453,0.0,0.0,1.0291577796945044,0.0,0.0,5.470663546916506e-06,0.0,0.0,1.3429698984951884e-09,0.00012508050360445565,0.0,0.0,0.0,0.22489096199173456,0.43676929720005425,0.00023823366339979963,0.0,0.0,0.0,0.0,0.0,0.0,0.0,0.0,0.0,0.0
Nrn1,0.0,0.12296445746867349,0.0,19.024338103827173,0.0,0.8299339444291493,0.0,0.0,0.0010164542589442998,0.0,0.0,0.0,0.00011300949310759873,0.0,0.0,0.0,0.0649451016738802,0.24453858498688053,0.0,0.0,6.400339335691229e-05,0.0,0.0,0.0,0.0,0.06019432348029312,0.0,0.0,0.0,0.0,0.04103750599301436,0.0,0.0,0.0,0.0,0.0,0.0,15.0,0.0,0.2882809645164308,0.0018044605738965307,0.11064966882240214,0.0,0.04125635573034097,0.06679747497933038,0.0,0.0,5.46193385059252e-08,0.0,0.0,0.14475710698353678,0.0,0.0,24.594183048392875,0.07598162356594104,0.0,0.0,0.0,0.007773610435652533,0.4689382691618562,0.05796494352182793,0.0,0.0,0.0,0.0,0.0,0.0,0.0,0.0,0.0,0.0
Ntng1,0.0,0.27717397768308155,0.0,13.8933268922043,0.0,1.0390702469501394,0.0,0.0,0.00040615357292574664,0.0,0.0,0.0,0.2848629224330873,0.0,0.0,0.0,0.013380161486340228,0.0029972916842373877,0.0,0.0,0.23186213843798947,0.0,0.0,0.0,0.0,0.061382353012575636,0.0,0.0,0.0,0.0,3.3595232608660295,0.0,0.0,0.0,0.0,0.0,0.0,0.0,15.0,0.07045931417393403,0.9082302100668845,1.329683912727962,0.0,0.10642626575291651,0.14913378825289833,0.0,0.0,0.0015073492126607296,0.0,0.0,0.15039029114072142,0.0,0.0,16.19360313590899,0.17130888053124174,0.0,0.0,0.0,2.8134284725625203,3.8836243592160056,2.6746622731363336,0.0,0.0,0.0,0.0,0.0,0.0,0.0,0.0,0.0,0.0
Pcp4,0.0,3.068957663267245,0.0,2.035563588966308,0.0,3.6826558180743962,0.0,0.0,5.805665554740001,0.0,0.0,0.0,4.399968514913085,0.0,0.0,0.0,2.3385012615719547,2.207407323330688,0.0,0.0,11.419890532144825,0.0,0.0,0.0,0.0,0.6903001892430178,0.0,0.0,0.0,0.0,4.725124505063399,0.0,0.0,0.0,0.0,0.0,0.0,0.0,0.0,25.46936103208644,2.744432963140955,3.173493465753,0.0,1.2997134611528518,4.48865940782268,0.0,0.0,11.421233765822732,0.0,0.0,1.6540025003406615,0.0,0.0,1.054249096874205,9.86345063713361,0.0,0.0,0.0,2.3831318266850117,3.656680369625969,1.0323302151008886,0.0,0.0,0.0,0.0,0.0,0.0,0.0,0.0,0.0,0.0
Pde1a,0.0,13.733742208828172,0.0,0.1284200001628925,0.0,13.501131265877211,0.0,0.0,9.915295938351047,0.0,0.0,0.0,6.42827485126508,0.0,0.0,0.0,7.539136043841738,3.449961670477107,0.0,0.0,0.6386327112106833,0.0,0.0,0.0,0.0,0.24315599442079677,0.0,0.0,0.0,0.0,1.794572528912611,0.0,0.0,0.0,0.0,0.0,0.0,0.0,0.0,0.015297857339863268,21.156705398091603,4.218969211472013,0.0,0.6688506039629867,1.1765076400975898,0.0,0.0,0.714145560819207,0.0,0.0,6.3494487402115745,0.0,0.0,0.8199141754188123,0.3436510969212118,0.0,0.0,0.0,1.812928304775993,20.313765232622448,1.7017371296196684,0.0,0.0,0.0,0.0,0.0,0.0,0.0,0.0,0.0,0.0
Penk,0.0,0.6796771974934188,0.0,1.6573967172381674,0.0,1.4433185888523203,0.0,0.0,4.056270922536805,0.0,0.0,0.0,1.7274899604471827,0.0,0.0,0.0,7.871715162371421,1.4769234162531786,0.0,0.0,8.125677401355183,0.0,0.0,0.0,0.0,0.6193201944404926,0.0,0.0,0.0,0.0,2.5215408336597793,0.0,0.0,0.0,0.0,0.0,0.0,0.0,0.0,7.937271005969557,0.4917197150878403,33.80358373299238,0.0,0.749084627564694,5.036555091153258,0.0,0.0,9.392873087754262,0.0,0.0,3.3438740015439694,0.0,0.0,0.4677497999381853,4.668967965060313,0.0,0.0,0.0,1.8045585120951169,3.4669704011880476,5.062762995783554,0.0,0.0,0.0,0.0,0.0,0.0,0.0,0.0,0.0,0.0
Plcxd2,0.0,0.28605078919736204,0.0,0.7041720583329927,0.0,0.1772314965079631,0.0,0.0,4.7780785318902375,0.0,0.0,0.0,3.298288046537923,0.0,0.0,0.0,1.2323948654290615,0.1637854376034971,0.0,0.0,1.6343349721490406,0.0,0.0,0.0,0.0,0.1765593649560961,0.0,0.0,0.0,0.0,2.9246548328081863,0.0,0.0,0.0,0.0,0.0,0.0,0.0,0.0,3.221769002739577,1.996530039272024,0.43876992409387416,15.0,0.25443723852173605,1.9463773240715727,0.0,0.0,3.9396195713246636,0.0,0.0,0.6229301243692442,0.0,0.0,0.2807241428256887,3.8951357778963716,0.0,0.0,0.0,1.001905017394087,2.9442110886153645,4.8035882066841795,0.0,0.0,0.0,0.0,0.0,0.0,0.0,0.0,0.0,0.0
Plp1,0.0,1.9264467792086595,0.0,1.7097758902492552,0.0,0.6748404601141337,0.0,0.0,2.0341833798669127,0.0,0.0,0.0,3.2161391831297887,0.0,0.0,0.0,1.0860619556110516,7.623250897135531,0.0,0.0,1.4764595314788138,0.0,0.0,0.0,0.0,2.4064979897318963,0.0,0.0,0.0,0.0,3.554209339738059,0.0,0.0,0.0,0.0,0.0,0.0,0.0,0.0,2.983200158614423,22.94795644402317,1.4103325902850712,0.0,15.617580067278233,1.774901417271749,0.0,0.0,2.779012624176715,0.0,0.0,1.5299980092310697,0.0,0.0,3.77380535637764,3.143944059033667,0.0,0.0,0.0,1.8816942192667274,1.1412649868257683,7.926780811034422,0.0,0.0,0.0,0.0,0.0,0.0,0.0,0.0,0.0,0.0
Pnoc,0.0,0.23365384598131925,0.0,5.912827074494213,0.0,0.0004295013243210117,0.0,0.0,4.577466348042353e-05,0.0,0.0,0.0,0.3705067141205941,0.0,0.0,0.0,0.008920812534112943,2.653967069429476,0.0,0.0,0.6888736427987944,0.0,0.0,0.0,0.0,0.25464954753069646,0.0,0.0,0.0,0.0,3.003061262035289,0.0,0.0,0.0,0.0,0.0,0.0,0.0,0.0,0.050278600049273627,0.1141428065904397,3.9428122098990865,0.0,0.29706326870915145,44.46005511528966,0.0,0.0,4.011393731315282,0.0,0.0,0.3041251519677708,0.0,0.0,3.7159396946076146,0.24500192223489153,0.0,0.0,0.0,0.18816750986851713,3.886757450329141e-06,1.3606383042870058,0.0,0.0,0.0,0.0,0.0,0.0,0.0,0.0,0.0,0.0
Prkca,0.0,0.5153488822582812,0.0,1.7511273843150068,0.0,0.9430105349235817,0.0,0.0,0.20594006524109423,0.0,0.0,0.0,0.8772764885741506,0.0,0.0,0.0,0.21158590564765695,1.3313949121663549,0.0,0.0,0.2181140360512463,0.0,0.0,0.0,0.0,0.6124749338753582,0.0,0.0,0.0,0.0,0.232569212730034,0.0,0.0,0.0,0.0,0.0,0.0,0.0,0.0,0.9758148677375246,2.0622937211240333,0.8215878576856204,0.0,0.44260210840316255,0.6709224365402957,15.0,0.0,8.896999001832036e-05,0.0,0.0,0.24263836982384795,0.0,0.0,2.6114660763263213,1.701012825464583,0.0,0.0,0.0,0.12644620694073325,1.7999299680958065,0.03122984450123482,0.0,0.0,0.0,0.0,0.0,0.0,0.0,0.0,0.0,0.0
Pthlh,0.0,0.38215591438441987,0.0,0.11251479653917304,0.0,0.014879089976698155,0.0,0.0,1.2489809204627267,0.0,0.0,0.0,0.012533058834481773,0.0,0.0,0.0,0.007578377420837063,0.01863189597220366,0.0,0.0,1.007087698902906,0.0,0.0,0.0,0.0,0.017025796591023715,0.0,0.0,0.0,0.0,0.12862425288654247,0.0,0.0,0.0,0.0,0.0,0.0,0.0,0.0,0.559153939004784,7.373549739907467e-06,0.6618919940936403,0.0,0.06576171567242457,0.16918572075141625,0.0,15.0,0.3132562653537777,0.0,0.0,0.001121125476389783,0.0,0.0,0.06176569645305779,0.83061840601871,0.0,0.0,0.0,0.10175099210581322,0.2641791169995912,0.0006875933242705471,0.0,0.0,0.0,0.0,0.0,0.0,0.0,0.0,0.0,0.0
Pvalb,0.0,0.40650910188084044,0.0,1.0809267030435115,0.0,0.6846216212601391,0.0,0.0,2.1499464644934303,0.0,0.0,0.0,2.8493515217742784,0.0,0.0,0.0,12.67261724961733,0.013319314208857973,0.0,0.0,31.099023203680424,0.0,0.0,0.0,0.0,1.3352915831741548,0.0,0.0,0.0,0.0,0.9802483835310648,0.0,0.0,0.0,0.0,0.0,0.0,0.0,0.0,2.3704275652270708,0.5353382199012553,1.1027197959480106,0.0,0.6836854944302981,1.1954012061474013,0.0,0.0,35.2875324930132,0.0,0.0,0.5257593802948843,0.0,0.0,1.8889036510102504,5.74577220033396,0.0,0.0,0.0,0.3141508296897963,0.761302704951613,0.5012339180433794,0.0,0.0,0.0,0.0,0.0,0.0,0.0,0.0,0.0,0.0
Rab3c,0.0,0.08807218589995738,0.0,0.00015580679837441468,0.0,1.8179362289442131,0.0,0.0,0.966971289308494,0.0,0.0,0.0,0.4210858610411307,0.0,0.0,0.0,0.937561102497305,0.013055430381221887,0.0,0.0,1.018438007846058,0.0,0.0,0.0,0.0,0.08311648206816699,0.0,0.0,0.0,0.0,1.6297097815123873,0.0,0.0,0.0,0.0,0.0,0.0,0.0,0.0,1.1161022489648735,0.4807162816041768,1.5175030887754823,0.0,0.12485167260189817,0.17537226627820293,0.0,0.0,1.500225809901577,15.0,0.0,0.0556707638689222,0.0,0.0,0.7275733825298042,2.9957510585430924,0.0,0.0,0.0,0.08103233776616339,1.3920914179383357,0.2648430875786564,0.0,0.0,0.0,0.0,0.0,0.0,0.0,0.0,0.0,0.0
Rasgrf2,0.0,0.23802093602297172,0.0,0.03286416206105721,0.0,0.09718003270068083,0.0,0.0,0.0022263163155554883,0.0,0.0,0.0,0.668488406872091,0.0,0.0,0.0,0.5353392398133705,2.2398218704489703,0.0,0.0,0.9466805400757033,0.0,0.0,0.0,0.0,0.011858628046408765,0.0,0.0,0.0,0.0,0.29774912815663773,0.0,0.0,0.0,0.0,0.0,0.0,0.0,0.0,0.7667288803631499,0.3077160826868856,0.001073420537975411,0.0,0.1003271452471263,0.6001014620561699,0.0,0.0,8.814810532267077e-05,0.0,15.0,0.029348184249818703,0.0,0.0,1.366822998759426,0.21359378646161026,0.0,0.0,0.0,0.18875936331202012,0.3461082339355779,0.00021740833720416372,0.0,0.0,0.0,0.0,0.0,0.0,0.0,0.0,0.0,0.0
Reln,0.0,4.348260269711334,0.0,4.653210716172521,0.0,0.8517781823009348,0.0,0.0,8.505026952661984,0.0,0.0,0.0,1.2876800203372285,0.0,0.0,0.0,3.0624643962882017,6.132046481468883,0.0,0.0,6.583892786016669,0.0,0.0,0.0,0.0,0.43766754725825574,0.0,0.0,0.0,0.0,3.017858854461919,0.0,0.0,0.0,0.0,0.0,0.0,0.0,0.0,3.6296013410877066,3.048278115180871,2.077904574031223,0.0,0.6462434941441573,0.3039964428927055,0.0,0.0,6.783640238107044,0.0,0.0,15.29639106223647,0.0,0.0,1.4328576582065256,7.26205772467775,0.0,0.0,0.0,1.579635262266685,12.095541175862177,2.886614991611784,0.0,0.0,0.0,0.0,0.0,0.0,0.0,0.0,0.0,0.0
Rgs10,0.0,6.398535359024824,0.0,3.8666350604587323,0.0,10.823797348864417,0.0,0.0,5.359082585488954,0.0,0.0,0.0,3.8279397085426385,0.0,0.0,0.0,3.159159900781215,2.6289591510157884,0.0,0.0,1.9280284056719057,0.0,0.0,0.0,0.0,0.29456152837778465,0.0,0.0,0.0,0.0,6.351278401467113,0.0,0.0,0.0,0.0,0.0,0.0,0.0,0.0,0.9183128992479569,6.903955948912867,5.448750603458669,0.0,0.6208757457669096,1.4179088645627713,0.0,0.0,3.871173735723423,0.0,0.0,2.7083289778364144,15.0,0.0,1.865051232844275,3.0307951826426693,0.0,0.0,0.0,2.0731327200005825,7.175983218476162,3.207575928225842,0.0,0.0,0.0,0.0,0.0,0.0,0.0,0.0,0.0,0.0
Rgs12,0.0,0.5777693334800894,0.0,4.291388172620403e-06,0.0,2.51980340036846,0.0,0.0,0.6123554467868609,0.0,0.0,0.0,2.6160206809216984,0.0,0.0,0.0,0.024365434516992905,0.37823289337576055,0.0,0.0,0.16055274088214325,0.0,0.0,0.0,0.0,0.496692655645754,0.0,0.0,0.0,0.0,0.0003027702097786526,0.0,0.0,0.0,0.0,0.0,0.0,0.0,0.0,0.39881021178994763,1.396153601254127,0.048968764407538966,0.0,0.15823637401010426,0.10884087423472023,0.0,0.0,0.032639043703091355,0.0,0.0,0.005052787523644051,0.0,15.0,0.8739603842424825,0.09889708469513572,0.0,0.0,0.0,0.2502553257969633,5.272692434581583,1.4966699592486066,0.0,0.0,0.0,0.0,0.0,0.0,0.0,0.0,0.0,0.0
Rgs4,0.0,3.7888189630296005,0.0,6.957253736448696,0.0,3.632361536485261,0.0,0.0,1.6295144328248692,0.0,0.0,0.0,7.5931029346779,0.0,0.0,0.0,5.112937015388728,7.507499717299241,0.0,0.0,2.7422328174381243,0.0,0.0,0.0,0.0,0.4222598099460623,0.0,0.0,0.0,0.0,8.424269443463626,0.0,0.0,0.0,0.0,0.0,0.0,0.0,0.0,3.4809607013140016,1.3398528222886057,11.276431620365033,0.0,1.5220679655626976,4.034851902211904,0.0,0.0,2.6942750426737945,0.0,0.0,1.1951437217745446,0.0,0.0,10.8439340398075,5.326859616214567,0.0,0.0,0.0,5.390551516475227,1.7204070403682945,6.822803716590467,0.0,0.0,0.0,0.0,0.0,0.0,0.0,0.0,0.0,0.0
Satb1,0.0,0.17915875956280194,0.0,0.9795432990406562,0.0,0.009291590754080571,0.0,0.0,10.461569099269012,0.0,0.0,0.0,1.2196195282773605,0.0,0.0,0.0,3.592772937726699,0.9304077641504744,0.0,0.0,7.914396901228183,0.0,0.0,0.0,0.0,0.8139047118704014,0.0,0.0,0.0,0.0,4.109095521039908,0.0,0.0,0.0,0.0,0.0,0.0,0.0,0.0,5.619006019572074,0.8187006215465398,7.347081351004424,0.0,0.8900114056704291,5.0614629325568306,0.0,0.0,9.62404574893528,0.0,0.0,3.435746574357548,0.0,0.0,0.4752855924356471,20.40750646040332,0.0,0.0,0.0,2.647948958276749,0.3168448305018239,3.8249777644951637,0.0,0.0,0.0,0.0,0.0,0.0,0.0,0.0,0.0,0.0
Sema3c,0.0,0.8452091566050398,0.0,0.46330710323361396,0.0,1.5056531637705841,0.0,0.0,5.890088379078902,0.0,0.0,0.0,1.8011653937556706,0.0,0.0,0.0,0.6976870676611803,0.3553412194479097,0.0,0.0,1.6752426887729044,0.0,0.0,0.0,0.0,0.1296336403371194,0.0,0.0,0.0,0.0,0.8054475337636924,0.0,0.0,0.0,0.0,0.0,0.0,0.0,0.0,1.0309364441467421,0.3413235411837041,2.552492792725124,0.0,0.2971322893941402,1.864693074048436,0.0,0.0,0.1717075041667285,0.0,0.0,1.8397728712610524,0.0,0.0,0.43248413748874526,1.0183037947124916,15.0,0.0,0.0,0.5939669361648404,2.9653675678101807,0.017981027421599557,0.0,0.0,0.0,0.0,0.0,0.0,0.0,0.0,0.0,0.0
Serpini1,0.0,0.7074957659339044,0.0,1.3548103830428344,0.0,0.1118097293171745,0.0,0.0,6.467438674405735,0.0,0.0,0.0,5.11566681962819,0.0,0.0,0.0,3.099813379896488,1.0941184215343756,0.0,0.0,6.389529952271289,0.0,0.0,0.0,0.0,0.2065400536334376,0.0,0.0,0.0,0.0,7.979791109512054,0.0,0.0,0.0,0.0,0.0,0.0,0.0,0.0,4.338649419476128,0.6529265161844463,1.9250157291817913,0.0,0.5287376919235697,2.0131350497801552,0.0,0.0,10.174809546716848,0.0,0.0,2.7154608488391494,0.0,0.0,1.244520817302109,6.536268899017656,0.0,15.0,0.0,0.9584088156576238,0.9027453452611135,3.8507442298509207,0.0,0.0,0.0,0.0,0.0,0.0,0.0,0.0,0.0,0.0
Slc17a8,0.0,0.5062707005710284,0.0,0.24684792330340521,0.0,0.00019310242203163792,0.0,0.0,5.215032543147099,0.0,0.0,0.0,0.08855986020707614,0.0,0.0,0.0,0.40589174264066885,0.3546733402010458,0.0,0.0,0.39163173658219547,0.0,0.0,0.0,0.0,0.004541556677356544,0.0,0.0,0.0,0.0,3.2918188246261635,0.0,0.0,0.0,0.0,0.0,0.0,0.0,0.0,0.1166284142629849,1.1245445830938223,1.2112925561695242,0.0,0.00795633290284383,0.3956368755056083,0.0,0.0,0.7125029763938624,0.0,0.0,0.33288872166935485,0.0,0.0,0.002771359038323834,0.8380046099102499,0.0,0.0,15.0,0.05542435684340822,2.749927020508254,0.629146271879523,0.0,0.0,0.0,0.0,0.0,0.0,0.0,0.0,0.0,0.0
Snca,0.0,7.592949911896294,0.0,1.4204697957885115,0.0,14.063732851304504,0.0,0.0,8.52871175685486,0.0,0.0,0.0,3.0636439251576544,0.0,0.0,0.0,2.72536076025527,6.419183469404279,0.0,0.0,0.6211651997988887,0.0,0.0,0.0,0.0,0.3699410925785999,0.0,0.0,0.0,0.0,6.737185681474543,0.0,0.0,0.0,0.0,0.0,0.0,0.0,0.0,1.050358029215035,5.629204665585859,3.3856364082417882,0.0,0.9904006087702726,4.061559088617222,0.0,0.0,0.33108038280379715,0.0,0.0,4.749213756966893,0.0,0.0,2.6755380958797055,1.6767138325212418,0.0,0.0,0.0,13.933404881361907,12.173899224422577,1.6096856213318806,0.0,0.0,0.0,0.0,0.0,0.0,0.0,0.0,0.0,0.0
Sncg,0.0,22.00908265508485,0.0,4.074881153096814,0.0,27.327865924735434,0.0,0.0,1.0055152363299338,0.0,0.0,0.0,0.17101528470195215,0.0,0.0,0.0,0.28983658261664524,0.27353709544249416,0.0,0.0,0.17815085519257726,0.0,0.0,0.0,0.0,0.22871574780131465,0.0,0.0,0.0,0.0,2.8697571766653884,0.0,0.0,0.0,0.0,0.0,0.0,0.0,0.0,0.026881340913551925,10.594817417355854,0.8530920990052892,0.0,0.2307543915031422,0.2383609669418995,0.0,0.0,0.08315267200364423,0.0,0.0,0.948509371501198,0.0,0.0,1.1861081366892987,0.09563338360729194,0.0,0.0,0.0,0.2941616389259621,36.3083275480194,0.322645050804246,0.0,0.0,0.0,0.0,0.0,0.0,0.0,0.0,0.0,0.0
Sst,0.0,0.13510112897244067,0.0,0.006507268986084,0.0,0.2540001418857804,0.0,0.0,1.2916446341439878,0.0,0.0,0.0,0.1484604464161367,0.0,0.0,0.0,14.261330777025444,1.9090025209923605,0.0,0.0,0.25710420710235465,0.0,0.0,0.0,0.0,0.17194162640137017,0.0,0.0,0.0,0.0,0.3336295061729182,0.0,0.0,0.0,0.0,0.0,0.0,0.0,0.0,0.014078093773056978,0.004955659490710408,0.9312831968440458,0.0,0.19538515129183984,1.868162977677767,0.0,0.0,0.5033600567087232,0.0,0.0,25.816609831757702,0.0,0.0,0.11013781710901582,0.5530265071824918,0.0,0.0,0.0,0.48697240271485975,0.31693945634495985,35.59346471657552,0.0,0.0,0.0,0.0,0.0,0.0,0.0,0.0,0.0,0.0
Synpr,0.0,0.03853878651026804,0.0,2.442369314415558e-05,0.0,1.6387408829328411,0.0,0.0,0.2865579997464421,0.0,0.0,0.0,0.2932222549259794,0.0,0.0,0.0,1.721075516381059,1.8267834185896747,0.0,0.0,0.9094088382229114,0.0,0.0,0.0,0.0,0.08837559164989088,0.0,0.0,0.0,0.0,0.39582472155524057,0.0,0.0,0.0,0.0,0.0,0.0,0.0,0.0,0.32385899946634655,1.0461588875347874,0.9000039263530425,0.0,0.25985216168867714,15.047327355256545,0.0,0.0,3.25764903488481,0.0,0.0,0.3649874828717566,0.0,0.0,0.0007730268556978964,1.8347584094610838,0.0,0.0,0.0,3.7370360424192075,2.6800331967726807e-05,0.4487514244359119,15.0,0.0,0.0,0.0,0.0,0.0,0.0,0.0,0.0,0.0
Tac1,0.0,0.10472912479980526,0.0,0.09867884544670169,0.0,4.631837104870379e-05,0.0,0.0,6.0152247063651085,0.0,0.0,0.0,0.020168190665233773,0.0,0.0,0.0,0.013649152262202298,3.848893757571922,0.0,0.0,0.06810295963866714,0.0,0.0,0.0,0.0,0.047405148011947305,0.0,0.0,0.0,0.0,0.5533028252797897,0.0,0.0,0.0,0.0,0.0,0.0,0.0,0.0,0.15084232271665668,5.0835010025947734e-05,0.02430742193423406,0.0,0.12622031912659282,0.043050808643042095,0.0,0.0,4.643339969818665e-06,0.0,0.0,5.857388298309948,0.0,0.0,0.5291419696666394,0.0018322731544253522,0.0,0.0,0.0,0.9675678607458019,0.34840772804447656,0.005496055184766013,0.0,15.0,0.0,0.0,0.0,0.0,0.0,0.0,0.0,0.0
Tac2,0.0,0.0010036797881230119,0.0,0.0010767379770727657,0.0,1.1207021198439676e-07,0.0,0.0,0.3565823481924623,0.0,0.0,0.0,0.34813823714188175,0.0,0.0,0.0,0.014819870289901066,0.0009651951916340632,0.0,0.0,0.23235290091640612,0.0,0.0,0.0,0.0,0.01655333117152148,0.0,0.0,0.0,0.0,0.0001246393880867541,0.0,0.0,0.0,0.0,0.0,0.0,0.0,0.0,0.08773303326200368,8.373232362802737e-06,0.030830153225276796,0.0,0.1616810060231949,1.2834839872225086,0.0,0.0,2.5210032559354814e-05,0.0,0.0,0.0024764652348482196,0.0,0.0,0.18300260635040744,0.44169151286066105,0.0,0.0,0.0,0.19884164130478973,0.44020501412059154,5.041101765169564e-06,0.0,0.0,15.0,0.0,0.0,0.0,0.0,0.0,0.0,0.0
Th,0.0,0.7895826246344737,0.0,0.396504347420849,0.0,0.0005846947163035618,0.0,0.0,1.1446523082415856,0.0,0.0,0.0,0.137724682817214,0.0,0.0,0.0,0.007213425415117711,0.0008404712397139679,0.0,0.0,0.15578822413746674,0.0,0.0,0.0,0.0,0.02747540523721388,0.0,0.0,0.0,0.0,0.0005850110155163095,0.0,0.0,0.0,0.0,0.0,0.0,0.0,0.0,0.0002651503828942898,0.28642075249295,0.03283178479150982,0.0,0.07111144403044446,1.9320831834860215,0.0,0.0,0.0020667085081909004,0.0,0.0,0.0018847724634842283,0.0,0.0,0.11715355484528427,0.015736882314127582,0.0,0.0,0.0,0.08783956024295438,1.5359436093763121,0.29744623484281774,0.0,0.0,0.0,15.0,0.0,0.0,0.0,0.0,0.0,0.0
Thsd7a,0.0,0.3267518416950556,0.0,1.3667664834823234,0.0,0.15351311193769518,0.0,0.0,4.193639256588684,0.0,0.0,0.0,1.6736849867128791,0.0,0.0,0.0,2.7278294964562746,0.5527536416262441,0.0,0.0,6.678034414434414,0.0,0.0,0.0,0.0,0.14701379917319302,0.0,0.0,0.0,0.0,3.5877949096957895,0.0,0.0,0.0,0.0,0.0,0.0,0.0,0.0,3.9414722745635995,0.08669434049886401,1.6254336555051234,0.0,0.2713957973091712,0.01799883917729656,0.0,0.0,5.330866239675931,0.0,0.0,3.2207164252719176,0.0,0.0,0.1519795740426559,6.867752045901324,0.0,0.0,0.0,0.6114063302028622,0.17681008876208792,1.283252236996856,0.0,0.0,0.0,0.0,15.0,0.0,0.0,0.0,0.0,0.0
Trp53i11,0.0,4.483315927568098,0.0,1.4056971604686577,0.0,22.691265156786336,0.0,0.0,2.1540927741999774,0.0,0.0,0.0,0.14462573654891836,0.0,0.0,0.0,0.5562827862782219,1.3478835388474943,0.0,0.0,0.4917966459938384,0.0,0.0,0.0,0.0,0.1307952176057473,0.0,0.0,0.0,0.0,1.7034852392076347,0.0,0.0,0.0,0.0,0.0,0.0,0.0,0.0,0.6507577455148165,6.326061996698952,0.40945090281399144,0.0,0.19282389920473933,0.09880719191437574,0.0,0.0,2.4782380538853124,0.0,0.0,0.7423092955356113,0.0,0.0,3.09727408008479,1.093310063226407,0.0,0.0,0.0,0.27257906849782604,5.385646417007849,1.4393362449041422,0.0,0.0,0.0,0.0,0.0,15.0,0.0,0.0,0.0,0.0
Vip,0.0,0.0003009650242345425,0.0,0.0005086796911121522,0.0,2.6536157704284826e-09,0.0,0.0,0.3070767866916229,0.0,0.0,0.0,0.3753688379785076,0.0,0.0,0.0,0.0061722819593792895,0.7065926055346964,0.0,0.0,2.377262234070051e-05,0.0,0.0,0.0,0.0,0.023512065175507597,0.0,0.0,0.0,0.0,0.00029198694386510114,0.0,0.0,0.0,0.0,0.0,0.0,0.0,0.0,3.624743267130827e-05,0.235127769010067,0.0256866659969762,0.0,0.03958293160880778,0.06787362542782972,0.0,0.0,4.1843906811440855e-09,0.0,0.0,0.3308787348433372,0.0,0.0,0.10366058377869321,1.3916222556514849e-05,0.0,0.0,0.0,0.00558041301043382,0.48366228004447603,0.896660568328508,0.0,0.0,0.0,0.0,0.0,0.0,15.0,0.0,0.0,0.0
Wfs1,0.0,1.495203842326819,0.0,0.6704613077054705,0.0,0.769815151654091,0.0,0.0,1.2482044938713146,0.0,0.0,0.0,4.966401965811217,0.0,0.0,0.0,1.4561158815199795,3.1727487907519207,0.0,0.0,0.7353171769336554,0.0,0.0,0.0,0.0,6.508602349663979,0.0,0.0,0.0,0.0,2.0741833967111365,0.0,0.0,0.0,0.0,0.0,0.0,0.0,0.0,1.3127040254887956,0.5863950139345809,1.0292539157824965,0.0,0.777188244735722,1.043258410438689,0.0,0.0,4.262875840928872,0.0,0.0,0.6607366968930083,0.0,0.0,0.7301075094461823,0.842696680670271,0.0,0.0,0.0,2.2055751630984126,1.0336962191860337,1.0072353989894733,0.0,0.0,0.0,0.0,0.0,0.0,0.0,15.0,0.0,0.0
Yjefn3,0.0,0.01710534887768797,0.0,0.20226096908314667,0.0,0.31228911342431315,0.0,0.0,0.31689911323444114,0.0,0.0,0.0,0.1597415910947034,0.0,0.0,0.0,0.00799347500927821,9.166800040442896e-06,0.0,0.0,0.0014775420995830199,0.0,0.0,0.0,0.0,0.05542511178091238,0.0,0.0,0.0,0.0,0.3846776203451649,0.0,0.0,0.0,0.0,0.0,0.0,0.0,0.0,0.00025813671406561215,0.03621321233613436,0.35683267603372787,0.0,0.044864843565571716,0.1000415662306564,0.0,0.0,0.0005144022504806134,0.0,0.0,0.4079522796478503,0.0,0.0,0.13064414032193233,0.005136827033611863,0.0,0.0,0.0,0.22177946309771057,4.5183888348173686e-05,0.002185797945261245,0.0,0.0,0.0,0.0,0.0,0.0,0.0,0.0,15.0,0.0
